train_years,test_years,RMSE,MAE,R2
2010-2020,2021,35.72656745407597,27.19012978151355,-1.3714189149279363
