train_years,test_years,RMSE,MAE,R2
2010-2020,2021,26.13465363940329,19.535614454964644,-0.2689929030035121
